-- phpMyAdmin SQL Dump
-- version 4.0.4.1
-- http://www.phpmyadmin.net
--
-- Host: 127.0.0.1
-- Generation Time: Feb 06, 2015 at 04:52 PM
-- Server version: 5.6.11
-- PHP Version: 5.5.1

SET SQL_MODE = "NO_AUTO_VALUE_ON_ZERO";
SET time_zone = "+00:00";


/*!40101 SET @OLD_CHARACTER_SET_CLIENT=@@CHARACTER_SET_CLIENT */;
/*!40101 SET @OLD_CHARACTER_SET_RESULTS=@@CHARACTER_SET_RESULTS */;
/*!40101 SET @OLD_COLLATION_CONNECTION=@@COLLATION_CONNECTION */;
/*!40101 SET NAMES utf8 */;

--
-- Database: `osca`
--
CREATE DATABASE IF NOT EXISTS `osca` DEFAULT CHARACTER SET latin1 COLLATE latin1_swedish_ci;
USE `osca`;

-- --------------------------------------------------------

--
-- Table structure for table `artist`
--

CREATE TABLE IF NOT EXISTS `artist` (
  `idArtist` varchar(5) NOT NULL,
  `afirstName` varchar(45) NOT NULL,
  `amiddlName` varchar(45) DEFAULT NULL,
  `alastName` varchar(45) NOT NULL,
  `houseNumber` varchar(45) DEFAULT NULL,
  `street` varchar(45) DEFAULT NULL,
  `city` varchar(45) DEFAULT NULL,
  PRIMARY KEY (`idArtist`)
) ENGINE=InnoDB DEFAULT CHARSET=latin1;

--
-- Dumping data for table `artist`
--

INSERT INTO `artist` (`idArtist`, `afirstName`, `amiddlName`, `alastName`, `houseNumber`, `street`, `city`) VALUES
('a1', 'Nanda', 'S', 'Malini', '34', 'Pagoda road', 'Nugegoda'),
('a2', 'Gunadasa', 'M', 'Kapuge', '78', 'Wjayamangalarama road', 'Kohuwala');

-- --------------------------------------------------------

--
-- Table structure for table `channel`
--

CREATE TABLE IF NOT EXISTS `channel` (
  `idChannel` int(11) NOT NULL AUTO_INCREMENT,
  `channelName` varchar(50) NOT NULL,
  `channelAddressNumber` varchar(10) NOT NULL,
  `channelAddressStreet` varchar(50) DEFAULT NULL,
  `channelAddressCity` varchar(50) NOT NULL,
  `channelAddressPostalCode` int(11) NOT NULL,
  PRIMARY KEY (`idChannel`)
) ENGINE=InnoDB  DEFAULT CHARSET=latin1 AUTO_INCREMENT=21 ;

--
-- Dumping data for table `channel`
--

INSERT INTO `channel` (`idChannel`, `channelName`, `channelAddressNumber`, `channelAddressStreet`, `channelAddressCity`, `channelAddressPostalCode`) VALUES
(1, 'Sirasa FM', '217', 'Depanama', 'Pannipitiya', 10220),
(2, 'Sri Fm', '65', 'Nalandarama road', 'Nugegoda', 10250),
(3, 'Hiru FM', '558', 'Nadimala Road', 'Dehiwala', 10440),
(5, 'Neth FM', '558', 'Nadimala Road', 'Dehiwala', 10440),
(8, 'Lakhanda', '86', 'Vijaya Mangalarama road', 'Kohuwala', 10250),
(9, 'Isira FM', '83', 'Galle road', 'Dehiwala', 10358),
(10, 'Maya FM', '83', 'Galle road', 'Dehiwala', 10358),
(11, 'Y FM', '678', 'Kirulapona road', 'Nugegoda', 10251),
(12, 'N FM', '678', 'Kirulapona road', 'Nugegoda', 10250),
(16, ' L FM', '568', 'Negambo road', 'Kandy', 10250),
(20, 'X', '678', 'Kirulapona road', 'Nugegoda', 10358);

-- --------------------------------------------------------

--
-- Table structure for table `channel_frequencies`
--

CREATE TABLE IF NOT EXISTS `channel_frequencies` (
  `channel_id` int(10) DEFAULT NULL,
  `frequency` varchar(20) DEFAULT NULL,
  `frequency_id` int(10) NOT NULL AUTO_INCREMENT,
  PRIMARY KEY (`frequency_id`),
  KEY `FK__channels` (`channel_id`)
) ENGINE=InnoDB  DEFAULT CHARSET=latin1 AUTO_INCREMENT=16 ;

--
-- Dumping data for table `channel_frequencies`
--

INSERT INTO `channel_frequencies` (`channel_id`, `frequency`, `frequency_id`) VALUES
(1, '105.5', 1),
(1, '88.8', 2),
(1, '93.5', 3),
(2, '115.5', 4),
(2, '90.8', 5),
(2, '100.5', 6),
(3, '15.5', 7),
(3, '70.4', 8),
(3, '120.5', 9),
(10, '88.9', 13),
(12, '97.3', 14),
(11, '95.7', 15);

-- --------------------------------------------------------

--
-- Table structure for table `composer`
--

CREATE TABLE IF NOT EXISTS `composer` (
  `idComposer` varchar(5) NOT NULL,
  `cfirstName` varchar(45) NOT NULL,
  `cmiddlName` varchar(45) DEFAULT NULL,
  `clastName` varchar(45) NOT NULL,
  `houseNumber` varchar(45) DEFAULT NULL,
  `street` varchar(45) DEFAULT NULL,
  `city` varchar(45) DEFAULT NULL,
  PRIMARY KEY (`idComposer`)
) ENGINE=InnoDB DEFAULT CHARSET=latin1;

--
-- Dumping data for table `composer`
--

INSERT INTO `composer` (`idComposer`, `cfirstName`, `cmiddlName`, `clastName`, `houseNumber`, `street`, `city`) VALUES
('c1', 'Nanda', 'S', 'Malini', '34', 'Pagoda road', 'Nugegoda'),
('c2', 'Gunadasa', 'M', 'Kapuge', '78', 'Wijayamangalarama road', 'Kohuwala'),
('c3', 'Austin', 'M', 'Munasinghe', '345', 'Nalandarama road', 'Nugegoda');

-- --------------------------------------------------------

--
-- Table structure for table `hash_lookup`
--

CREATE TABLE IF NOT EXISTS `hash_lookup` (
  `hash_id` int(11) NOT NULL DEFAULT '0',
  `num_hits` int(11) DEFAULT '0',
  PRIMARY KEY (`hash_id`)
) ENGINE=InnoDB DEFAULT CHARSET=latin1;

--
-- Dumping data for table `hash_lookup`
--

INSERT INTO `hash_lookup` (`hash_id`, `num_hits`) VALUES
(9, 1),
(195, 1),
(380, 1),
(419, 1),
(1003, 1),
(1157, 1),
(1165, 1),
(1214, 1),
(1359, 2),
(1362, 1),
(1868, 1),
(1963, 1),
(5415, 1),
(5542, 1),
(8091, 1),
(8206, 1),
(8233, 1),
(8234, 1),
(8285, 1),
(8717, 1),
(8731, 1),
(8744, 1),
(8746, 1),
(9453, 1),
(9470, 1),
(9545, 1),
(9962, 1),
(9988, 1),
(9989, 1),
(10014, 1),
(10057, 1),
(10091, 1),
(10164, 1),
(10166, 1),
(12123, 1),
(12135, 1),
(12301, 1),
(12411, 1),
(12477, 1),
(12493, 1),
(12584, 1),
(12749, 1),
(12764, 1),
(12813, 1),
(12827, 1),
(12988, 1),
(13133, 1),
(13261, 1),
(13264, 1),
(13265, 1),
(13273, 1),
(13914, 1),
(14116, 1),
(16351, 1),
(16352, 1),
(16382, 1),
(16957, 1),
(16958, 1),
(17049, 1),
(17326, 1),
(17334, 1),
(18060, 1),
(21104, 1),
(21379, 1),
(21459, 1),
(21521, 1),
(21522, 1),
(21683, 1),
(21754, 1),
(21756, 1),
(22259, 1),
(24225, 1),
(24232, 1),
(24233, 1),
(24334, 1),
(24424, 1),
(24488, 1),
(24552, 1),
(24616, 1),
(24617, 1),
(24618, 1),
(24628, 1),
(24638, 1),
(24668, 1),
(24680, 1),
(24848, 1),
(24867, 1),
(24919, 1),
(24937, 1),
(25389, 1),
(25832, 1),
(25950, 1),
(26022, 1),
(26126, 1),
(26255, 1),
(26280, 1),
(26281, 1),
(26306, 1),
(26447, 1),
(26471, 1),
(28980, 1),
(30027, 1),
(30186, 1),
(32510, 1),
(32563, 1),
(33607, 1),
(33778, 1),
(34508, 1),
(37300, 1),
(37653, 1),
(38207, 1),
(40450, 1),
(40490, 1),
(40552, 1),
(40553, 1),
(40566, 1),
(40726, 1),
(40732, 1),
(40745, 1),
(40756, 1),
(40781, 1),
(40829, 1),
(40974, 1),
(40975, 1),
(40988, 1),
(41013, 1),
(41039, 1),
(41042, 1),
(41078, 1),
(42135, 1),
(42244, 1),
(42314, 1),
(42328, 1),
(42389, 1),
(42517, 1),
(42518, 1),
(42563, 1),
(44523, 1),
(44597, 1),
(44690, 1),
(44790, 1),
(44979, 1),
(45008, 1),
(45013, 1),
(45034, 1),
(45409, 1),
(46276, 1),
(46278, 1),
(46317, 1),
(46319, 1),
(46346, 1),
(46387, 1),
(46626, 1),
(46629, 1),
(46904, 1),
(48389, 1),
(48400, 1),
(48642, 1),
(48706, 1),
(48724, 1),
(49215, 1),
(49279, 1),
(49952, 1),
(49959, 1),
(49995, 1),
(50401, 1),
(50402, 1),
(50690, 1),
(50698, 1),
(50751, 1),
(50864, 1),
(52710, 1),
(52745, 1),
(53246, 1),
(53247, 1),
(53552, 1),
(53575, 1),
(54523, 1),
(54783, 1),
(54875, 1),
(54895, 1),
(54937, 1),
(54993, 1),
(55005, 1),
(55153, 1),
(56648, 1),
(56672, 1),
(57516, 1),
(57644, 1),
(57768, 1),
(57773, 1),
(57945, 1),
(58553, 1),
(59262, 1),
(60491, 1),
(61349, 1),
(61416, 1),
(62285, 1),
(62348, 1),
(62403, 1),
(62810, 1),
(62964, 1),
(63259, 1),
(65279, 1),
(67032, 1),
(67258, 1),
(68649, 1),
(68815, 1),
(69634, 1),
(69641, 1),
(69642, 1),
(69926, 1),
(70325, 1),
(70343, 1),
(70363, 1),
(70490, 1),
(70821, 1),
(70822, 1),
(71250, 1),
(71251, 1),
(71315, 1),
(71332, 1),
(72807, 1),
(72808, 1),
(72848, 1),
(72876, 1),
(72933, 1),
(72941, 1),
(73392, 1),
(73393, 1),
(73400, 1),
(73707, 1),
(73715, 1),
(73730, 1),
(73737, 1),
(74417, 1),
(74834, 1),
(74882, 1),
(75028, 1),
(75156, 1),
(75257, 1),
(75325, 1),
(75346, 1),
(75359, 1),
(79131, 1),
(80956, 1),
(81773, 1),
(81779, 1),
(81837, 1),
(81986, 1),
(82216, 1),
(83418, 1),
(83454, 1),
(84832, 1),
(84836, 1),
(84838, 1),
(85077, 1),
(85114, 1),
(86178, 1),
(86187, 1),
(86188, 1),
(86192, 1),
(86329, 1),
(86332, 1),
(86392, 1),
(86451, 1),
(86518, 1),
(86653, 1),
(87238, 1),
(87239, 1),
(87249, 1),
(87316, 1),
(87378, 1),
(87412, 1),
(87413, 1),
(87448, 1),
(87460, 1),
(87515, 1),
(87652, 1),
(89397, 1),
(89420, 1),
(91651, 1),
(92763, 1),
(92936, 1),
(93066, 1),
(93304, 1),
(93780, 1),
(94044, 1),
(94395, 1),
(94630, 1),
(94766, 1),
(94830, 1),
(94831, 1),
(95541, 1),
(96118, 1),
(96122, 1),
(96805, 1),
(96828, 1),
(97568, 1),
(97569, 1),
(97778, 1),
(98306, 1),
(98307, 1),
(98308, 1),
(99058, 1),
(99110, 1),
(99217, 1),
(99435, 1),
(99562, 1),
(99658, 1),
(99778, 1),
(99780, 1),
(99843, 1),
(99844, 1),
(99878, 1),
(100261, 1),
(101113, 1),
(101163, 1),
(101164, 1),
(101219, 1),
(101593, 1),
(101624, 1),
(101685, 1),
(102808, 1),
(103335, 1),
(103529, 1),
(103678, 1),
(103777, 1),
(105194, 1),
(105219, 1),
(105561, 1),
(108916, 1),
(110212, 1),
(110594, 1),
(111409, 1),
(111418, 1),
(111419, 1),
(111766, 1),
(111767, 1),
(111847, 1),
(112224, 1),
(112964, 1),
(112991, 1),
(113154, 1),
(113642, 1),
(113753, 1),
(113987, 1),
(113988, 1),
(114282, 1),
(115149, 1),
(115441, 1),
(115605, 1),
(115638, 1),
(115639, 1),
(115640, 1),
(115662, 1),
(116592, 1),
(116610, 1),
(117183, 1),
(118315, 1),
(119059, 1),
(119479, 1),
(119696, 1),
(120505, 1),
(120601, 1),
(120708, 1),
(121125, 1),
(121126, 1),
(121127, 1),
(121140, 1),
(121191, 1),
(121372, 1),
(121509, 1),
(121790, 1),
(122347, 1),
(122745, 1),
(123091, 1),
(123327, 1),
(123391, 1),
(123592, 1),
(123932, 1),
(124222, 1),
(124290, 1),
(124355, 1),
(124483, 1),
(124569, 1),
(124611, 1),
(124634, 1),
(124675, 1),
(125147, 1),
(125153, 1),
(125154, 1),
(125228, 1),
(125280, 1),
(125752, 1),
(125854, 1),
(127803, 1),
(127959, 1),
(127964, 1),
(128325, 1),
(128329, 1),
(129410, 1),
(129434, 1),
(129513, 1),
(130045, 1),
(130047, 1),
(130842, 1),
(131302, 1),
(131656, 1),
(131932, 1),
(131996, 1),
(132073, 1),
(132365, 1),
(132458, 1),
(132523, 1),
(132533, 1),
(132662, 1),
(132676, 1),
(132727, 1),
(133351, 1),
(133357, 1),
(133393, 1),
(133896, 1),
(134425, 1),
(135718, 1),
(135800, 1),
(136189, 1),
(136425, 1),
(136488, 1),
(136711, 1),
(136712, 1),
(137492, 1),
(137493, 1),
(137524, 1),
(138457, 1),
(138458, 1),
(138923, 1),
(139154, 1),
(139266, 1),
(139378, 1),
(139383, 1),
(139514, 1),
(140455, 1),
(140616, 1),
(140682, 1),
(141460, 1),
(141461, 1),
(141462, 1),
(141482, 1),
(141528, 1),
(141530, 1),
(141714, 1),
(142013, 1),
(142025, 1),
(142493, 1),
(142494, 1),
(142502, 1),
(142908, 1),
(142909, 1),
(143383, 1),
(143497, 1),
(143723, 1),
(143725, 1),
(143823, 1),
(143843, 2),
(143855, 1),
(143925, 1),
(144094, 1),
(144158, 1),
(144480, 1),
(144707, 1),
(144760, 1),
(144910, 1),
(145134, 1),
(145588, 1),
(145911, 1),
(145919, 1),
(145968, 1),
(145982, 1),
(145992, 1),
(146063, 1),
(146234, 1),
(146306, 1),
(146311, 1),
(146331, 1),
(146434, 1),
(146499, 1),
(146663, 1),
(146720, 1),
(147458, 1),
(147465, 1),
(147632, 1),
(148742, 1),
(148802, 1),
(149264, 1),
(149318, 1),
(149326, 1),
(149328, 1),
(149332, 1),
(149777, 1),
(150549, 1),
(151781, 1),
(152325, 1),
(153772, 1),
(154001, 1),
(155297, 1),
(155537, 1),
(155690, 1),
(155752, 1),
(155779, 1),
(156380, 1),
(156663, 1),
(157210, 1),
(157265, 1),
(157266, 1),
(157944, 1),
(158034, 1),
(158459, 1),
(158610, 1),
(158638, 1),
(158740, 1),
(159019, 1),
(159585, 1),
(159722, 1),
(159909, 1),
(159971, 1),
(159982, 1),
(160041, 1),
(160596, 1),
(160687, 1),
(160770, 1),
(160771, 1),
(160870, 1),
(160898, 1),
(160943, 1),
(161064, 1),
(161253, 1),
(161338, 1),
(161339, 1),
(161659, 1),
(161720, 1),
(162780, 1),
(162857, 1),
(162921, 1),
(163359, 1),
(163511, 1),
(163625, 1),
(163785, 1),
(163842, 1),
(163908, 1),
(163995, 1),
(164062, 1),
(164063, 1),
(164442, 1),
(164454, 1),
(164910, 1),
(164977, 1),
(165653, 1),
(165733, 1),
(165734, 1),
(165796, 1),
(166236, 1),
(166240, 1),
(166886, 1),
(166953, 1),
(167090, 1),
(167293, 1),
(167456, 1),
(167585, 1),
(168005, 1),
(168024, 1),
(168354, 1),
(168884, 1),
(169031, 1),
(169206, 1),
(169685, 1),
(169825, 1),
(170184, 1),
(170264, 1),
(170266, 1),
(170267, 1),
(170268, 1),
(170516, 1),
(170539, 1),
(170687, 1),
(170690, 1),
(170691, 1),
(170692, 1),
(170738, 1),
(170895, 1),
(171047, 1),
(171098, 1),
(171099, 1),
(171174, 1),
(171257, 1),
(171272, 1),
(171322, 1),
(171548, 1),
(171551, 1),
(171552, 1),
(171604, 1),
(172034, 1),
(172035, 1),
(172088, 1),
(172310, 1),
(172311, 1),
(172401, 1),
(172539, 1),
(172698, 1),
(172731, 1),
(172738, 1),
(172787, 1),
(172960, 1),
(172988, 1),
(173126, 1),
(173234, 1),
(173254, 1),
(173432, 1),
(173442, 1),
(173453, 1),
(173483, 1),
(173571, 1),
(173572, 1),
(173573, 1),
(173753, 1),
(173779, 1),
(173793, 1),
(173863, 1),
(173895, 1),
(173976, 1),
(174217, 1),
(174522, 1),
(174588, 1),
(174723, 1),
(174917, 1),
(174927, 1),
(175199, 1),
(175222, 1),
(175304, 1),
(175356, 1),
(175521, 1),
(175843, 1),
(175961, 1),
(176002, 1),
(176118, 1),
(176152, 1),
(176219, 1),
(176270, 1),
(176521, 1),
(176737, 1),
(177020, 1),
(177086, 1),
(177128, 1),
(177410, 1),
(177578, 1),
(177579, 1),
(177737, 1),
(177760, 1),
(177762, 1),
(177781, 2),
(177800, 1),
(177937, 1),
(179000, 1),
(180152, 1),
(180470, 1),
(181768, 1),
(181942, 1),
(182203, 1),
(183973, 1),
(185116, 1),
(185249, 1),
(185620, 1),
(186027, 1),
(186501, 1),
(187066, 1),
(187516, 1),
(187763, 1),
(187993, 1),
(187996, 1),
(188169, 1),
(188220, 1),
(188261, 1),
(188541, 1),
(188847, 1),
(188917, 1),
(189021, 1),
(189083, 1),
(189146, 1),
(189236, 1),
(189929, 1),
(189944, 1),
(190019, 1),
(190057, 1),
(190069, 1),
(190134, 1),
(190190, 1),
(190191, 1),
(190899, 1),
(191043, 1),
(191044, 1),
(191466, 1),
(191785, 1),
(191797, 1),
(192137, 1),
(192170, 1),
(192280, 1),
(192297, 1),
(192305, 1),
(192582, 1),
(192583, 1),
(192614, 1),
(192888, 1),
(193655, 1),
(194025, 1),
(194150, 1),
(194456, 1),
(194489, 1),
(195076, 1),
(195124, 1),
(195823, 1),
(196203, 1),
(196330, 1),
(196336, 1),
(196477, 1),
(196546, 1),
(197032, 1),
(197485, 1),
(198055, 1),
(199622, 1),
(200261, 1),
(201462, 1),
(201745, 1),
(202491, 1),
(203333, 1),
(203970, 1),
(204108, 1),
(204742, 1),
(205306, 1),
(207364, 1),
(211098, 1),
(211165, 1),
(211408, 1),
(211746, 1),
(212099, 1),
(212229, 1),
(212438, 1),
(212560, 1),
(212616, 1),
(212628, 1),
(212636, 1),
(213273, 1),
(213355, 1),
(213828, 1),
(213859, 1),
(213907, 1),
(213970, 1),
(214218, 1),
(214256, 1),
(214274, 1),
(214594, 1),
(214758, 1),
(215201, 1),
(215426, 1),
(215657, 1),
(215902, 1),
(215903, 1),
(216666, 1),
(217350, 1),
(217870, 1),
(218065, 1),
(218306, 2),
(218701, 1),
(219716, 1),
(220034, 1),
(220420, 1),
(220459, 1),
(221908, 1),
(222250, 1),
(222294, 1),
(222620, 1),
(223071, 1),
(223122, 1),
(223690, 1),
(223880, 1),
(224482, 1),
(224485, 1),
(224551, 1),
(224760, 1),
(224762, 1),
(225106, 1),
(225347, 1),
(225575, 1),
(225706, 1),
(226387, 1),
(226834, 1),
(227850, 1),
(228598, 1),
(229141, 1),
(229154, 1),
(230026, 1),
(230484, 1),
(230864, 1),
(230866, 1),
(231879, 1),
(232007, 1),
(232322, 1),
(232356, 1),
(232574, 1),
(232629, 1),
(232794, 1),
(232814, 1),
(233171, 1),
(233187, 1),
(233249, 1),
(233812, 1),
(234236, 1),
(234250, 1),
(234384, 1),
(234486, 1),
(234518, 1),
(234834, 1),
(234897, 1),
(235119, 1),
(235381, 1),
(236177, 1),
(236421, 1),
(236488, 1),
(236621, 1),
(237379, 1),
(237781, 1),
(237836, 1),
(238161, 1),
(238542, 1),
(238786, 1),
(239311, 1),
(239377, 1),
(240389, 1),
(240578, 1),
(240653, 1),
(240849, 1),
(240850, 1),
(241436, 1),
(242065, 1),
(242298, 1),
(242508, 1),
(242897, 1),
(243191, 1),
(244280, 1),
(246631, 1),
(248251, 1),
(248463, 1),
(248519, 1),
(248520, 1),
(248703, 1),
(248763, 1),
(248913, 1),
(250863, 1),
(250895, 1),
(250939, 1),
(251394, 1),
(251536, 1),
(251793, 1),
(252674, 1),
(252738, 1),
(254357, 1),
(254420, 1),
(254637, 1),
(254700, 1),
(254734, 1),
(255176, 1),
(255239, 1),
(255428, 1),
(255874, 1),
(255897, 1),
(256220, 1),
(256473, 1),
(256474, 1),
(256544, 1),
(256578, 1),
(256600, 1),
(258050, 1),
(259041, 1),
(259518, 1),
(259519, 1),
(260402, 1),
(260848, 1),
(260855, 1),
(260989, 1),
(261063, 1),
(261243, 1),
(261691, 1),
(262175, 1),
(262453, 1),
(262517, 1),
(262752, 1),
(263008, 1),
(263055, 1),
(263071, 1),
(263085, 1),
(263094, 1),
(263418, 1),
(263472, 1),
(263909, 1),
(264545, 1),
(264566, 1),
(264617, 1),
(264618, 1),
(264706, 1),
(264770, 1),
(264771, 1),
(264773, 1),
(264781, 1),
(264827, 1),
(264875, 1),
(265031, 1),
(265041, 1),
(265090, 1),
(265160, 1),
(265218, 1),
(265440, 1),
(265469, 1),
(265579, 1),
(265644, 1),
(265737, 1),
(265974, 1),
(266106, 1),
(266242, 1),
(266562, 1),
(266648, 1),
(266683, 1),
(266911, 1),
(266969, 1),
(266977, 1),
(267023, 1),
(267062, 1),
(267076, 1),
(267138, 1),
(267171, 1),
(267367, 1),
(267387, 1),
(267832, 1),
(267927, 1),
(268162, 1),
(268185, 1),
(268856, 1),
(268909, 1),
(271199, 1),
(271682, 1),
(272126, 1),
(272163, 1),
(273108, 1),
(273774, 1),
(274053, 1),
(274370, 1),
(276356, 1),
(276709, 1),
(276732, 1),
(277076, 1),
(277130, 1),
(277140, 1),
(277153, 1),
(277509, 1),
(277538, 1),
(277677, 1),
(277755, 1),
(277984, 1),
(277985, 1),
(278340, 1),
(278530, 1),
(278782, 1),
(279685, 1),
(279840, 1),
(279934, 1),
(279935, 1),
(280041, 1),
(280097, 1),
(280127, 1),
(280388, 1),
(280451, 1),
(280731, 1),
(280749, 1),
(280875, 1),
(280939, 1),
(280951, 1),
(280989, 1),
(281013, 1),
(281187, 1),
(281222, 1),
(281251, 1),
(281346, 1),
(283188, 1),
(283563, 1),
(283677, 1),
(283703, 1),
(283939, 1),
(284314, 1),
(284468, 1),
(285039, 1),
(285255, 1),
(285318, 1),
(285319, 1),
(285645, 1),
(285698, 1),
(286343, 1),
(287670, 1),
(287746, 1),
(287799, 1),
(288982, 1),
(289067, 1),
(289194, 1),
(289247, 1),
(289520, 1),
(289604, 1),
(289926, 1),
(289996, 1),
(290034, 1),
(290666, 1),
(290855, 1),
(290882, 1),
(291131, 1),
(291296, 1),
(291577, 1),
(292106, 1),
(292110, 1),
(292138, 1),
(292144, 1),
(292170, 1),
(292547, 1),
(292999, 1),
(293058, 1),
(293063, 1),
(293077, 1),
(293321, 1),
(293635, 1),
(293826, 1),
(293827, 1),
(293957, 1),
(294253, 1),
(294403, 1),
(294469, 1),
(294477, 1),
(294974, 1),
(295304, 1),
(295811, 1),
(296194, 1),
(296263, 1),
(296521, 1),
(296695, 1),
(297354, 1),
(297666, 1),
(298015, 1),
(298054, 1),
(298435, 1),
(298498, 1),
(298528, 1),
(298806, 1),
(298807, 1),
(299041, 1),
(299256, 1),
(299297, 1),
(299510, 1),
(299708, 1),
(300007, 1),
(300234, 1),
(300357, 1),
(300513, 1),
(300528, 1),
(300584, 1),
(300649, 1),
(300662, 1),
(302049, 1),
(303008, 1),
(303291, 1),
(304352, 1),
(304745, 1),
(305542, 1),
(305615, 1),
(305730, 1),
(306059, 1),
(306629, 1),
(307266, 1),
(308812, 1),
(309646, 1),
(310297, 1),
(310298, 1),
(310372, 1),
(310380, 1),
(311305, 1),
(312051, 1),
(312059, 1),
(312339, 1),
(312618, 1),
(312843, 1),
(312888, 1),
(313105, 1),
(313145, 1),
(313629, 1),
(313911, 1),
(314115, 1),
(314592, 1),
(314656, 1),
(314657, 1),
(314668, 1),
(315128, 2),
(315199, 1),
(315384, 1),
(315450, 1),
(315455, 1),
(316549, 1),
(316601, 1),
(316610, 1),
(316712, 1),
(316728, 1),
(316777, 1),
(317240, 1),
(317661, 1),
(317842, 1),
(318105, 1),
(318117, 1),
(318182, 1),
(318650, 1),
(318661, 1),
(318670, 1),
(318699, 1),
(318951, 1),
(319114, 1),
(319172, 1),
(319324, 1),
(319770, 1),
(320058, 1),
(320578, 2),
(320579, 1),
(320581, 1),
(320645, 1),
(320675, 1),
(320676, 1),
(321192, 1),
(321271, 1),
(321346, 1),
(321376, 1),
(321759, 1),
(321872, 1),
(321873, 1),
(321937, 1),
(322184, 1),
(323229, 1),
(323293, 1),
(323359, 1),
(323834, 1),
(323866, 1),
(324549, 1),
(324577, 1),
(324615, 1),
(324729, 1),
(325434, 1),
(325457, 1),
(325794, 1),
(326978, 1),
(327541, 1),
(327620, 1),
(328650, 1),
(328821, 1),
(329447, 1),
(330958, 1),
(333468, 1),
(334285, 1),
(334733, 1),
(334763, 1),
(334990, 1),
(335054, 1),
(335427, 1),
(335568, 1),
(335874, 1),
(337435, 1),
(337499, 1),
(337515, 1),
(338072, 1),
(338242, 1),
(339074, 1),
(339148, 1),
(339169, 1),
(339396, 1),
(339582, 1),
(342851, 1),
(343209, 1),
(343293, 1),
(344194, 1),
(344381, 1),
(345681, 1),
(345745, 1),
(345852, 1),
(346030, 1),
(346365, 1),
(346808, 1),
(347125, 1),
(347179, 1),
(347202, 1),
(347242, 1),
(347266, 1),
(347326, 1),
(347391, 1),
(348024, 1),
(348246, 1),
(348478, 1),
(349496, 1),
(349556, 1),
(350025, 1),
(350088, 1),
(350443, 1),
(350459, 1),
(350854, 1),
(350947, 1),
(351157, 1),
(351234, 1),
(351272, 1),
(351798, 1),
(351810, 1),
(352181, 1),
(352310, 1),
(352613, 1),
(352834, 1),
(352954, 1),
(353371, 1),
(353398, 1),
(353653, 1),
(353655, 1),
(353659, 1),
(353808, 1),
(353897, 1),
(354057, 1),
(354084, 1),
(354087, 1),
(354114, 1),
(354472, 1),
(355615, 1),
(355833, 1),
(356797, 1),
(357214, 1),
(357826, 1),
(357972, 1),
(357994, 1),
(361023, 1),
(361104, 1),
(361936, 1),
(361949, 1),
(362142, 1),
(363305, 1),
(363458, 1),
(363962, 1),
(364746, 1),
(364918, 1),
(365993, 1),
(366031, 1),
(366160, 1),
(367998, 1),
(369020, 1),
(370030, 1),
(371281, 1),
(371458, 1),
(371973, 1),
(372751, 1),
(372810, 1),
(373036, 1),
(373742, 1),
(373845, 1),
(374279, 1),
(375316, 1),
(375380, 1),
(375492, 1),
(375656, 1),
(376135, 1),
(376199, 1),
(376903, 1),
(377095, 1),
(377382, 1),
(377825, 1),
(377826, 1),
(378024, 1),
(378051, 1),
(378077, 1),
(378247, 1),
(378626, 1),
(379534, 1),
(379646, 1),
(379688, 1),
(380013, 1),
(382350, 1),
(382352, 1),
(382388, 1),
(382851, 1),
(383769, 1),
(384069, 1),
(384342, 1),
(386370, 1),
(386650, 1),
(386970, 1),
(387213, 1),
(387234, 1),
(387494, 1),
(387657, 1),
(387716, 1),
(387865, 1),
(387907, 1),
(388048, 1),
(388091, 1),
(388099, 1),
(388510, 1),
(388611, 1),
(388986, 1),
(389715, 1),
(390089, 1),
(390252, 1),
(390340, 1),
(390405, 1),
(390609, 1),
(390681, 1),
(390695, 1),
(390713, 1),
(390745, 1),
(390779, 1),
(390994, 1),
(391734, 1),
(391736, 1),
(391752, 1),
(391767, 1),
(391778, 1),
(391784, 1),
(391807, 1),
(391831, 1),
(392063, 1),
(392322, 1),
(392397, 1),
(392750, 1),
(393218, 1),
(393232, 1),
(393320, 1),
(393336, 1),
(393744, 1),
(393922, 1),
(393964, 1),
(394360, 1),
(394434, 1),
(394661, 1),
(394687, 1),
(394772, 1),
(394849, 1),
(394930, 1),
(394952, 1),
(394954, 1),
(394995, 1),
(395559, 1),
(395651, 1),
(395774, 1),
(395838, 1),
(396040, 1),
(396056, 1),
(396090, 1),
(396195, 1),
(396990, 1),
(397186, 1),
(397329, 1),
(397381, 1),
(397880, 1),
(398082, 1),
(398180, 1),
(398251, 1),
(398252, 1),
(398315, 1),
(398353, 1),
(398635, 1),
(399241, 1),
(399739, 1),
(399861, 1),
(400016, 1),
(400024, 1),
(400088, 1),
(400891, 1),
(401000, 1),
(401085, 1),
(401328, 1),
(401471, 1),
(401496, 1),
(401752, 1),
(402091, 1),
(402584, 1),
(402663, 1),
(402719, 1),
(402959, 1),
(403065, 1),
(403715, 1),
(404280, 1),
(404675, 1),
(404727, 1),
(405051, 1),
(405416, 1),
(405432, 1),
(406315, 1),
(406456, 1),
(406635, 1),
(406660, 1),
(407282, 1),
(407875, 1),
(408002, 1),
(408456, 1),
(410018, 1),
(410243, 1),
(410430, 1),
(410896, 1),
(411080, 1),
(411202, 1),
(411274, 1),
(412099, 1),
(412546, 1),
(412685, 1),
(412770, 1),
(413418, 1),
(413433, 1),
(413699, 1),
(413945, 1),
(415298, 1),
(415362, 1),
(415545, 1),
(415876, 1),
(417021, 1),
(417539, 1),
(418153, 1),
(419110, 1),
(420488, 1),
(420551, 1),
(421186, 1),
(421544, 1),
(421560, 1),
(421802, 1),
(422177, 1),
(422561, 1),
(422584, 1),
(422591, 1),
(423082, 1),
(423119, 1),
(423176, 1),
(423239, 1),
(423370, 1),
(423863, 1),
(424583, 1),
(424632, 1),
(424665, 1),
(424902, 1),
(425006, 1),
(425219, 1),
(425412, 1),
(425485, 1),
(425768, 1),
(426410, 1),
(427030, 1),
(427040, 1),
(427207, 1),
(427208, 1),
(427251, 1),
(427642, 1),
(427757, 1),
(427830, 1),
(428291, 1),
(429071, 1),
(429507, 1),
(429508, 1),
(430146, 1),
(431190, 1),
(431655, 1),
(432285, 1),
(432398, 1),
(432834, 1),
(433102, 1),
(434012, 1),
(435143, 1),
(435221, 1),
(435242, 1),
(435789, 1),
(436431, 1),
(436473, 1),
(436765, 1),
(437128, 1),
(437250, 1),
(437520, 1),
(437572, 1),
(437573, 1),
(437624, 1),
(437647, 1),
(437916, 1),
(438198, 1),
(438200, 1),
(438315, 1),
(438356, 1),
(438417, 1),
(438576, 1),
(438766, 1),
(439017, 1),
(439245, 1),
(439373, 1),
(439629, 1),
(439727, 1),
(439979, 1),
(440778, 1),
(440823, 1),
(441363, 1),
(441844, 1),
(441929, 1),
(442167, 1),
(442999, 1),
(443248, 1),
(443318, 1),
(443380, 1),
(443594, 1),
(444020, 1),
(445690, 1),
(445879, 1),
(446263, 1),
(446404, 1),
(446814, 1),
(448055, 1),
(448694, 1),
(449568, 1),
(449949, 1),
(450151, 1),
(450696, 1),
(451214, 1),
(451549, 1),
(451586, 1),
(451974, 1),
(452034, 1),
(452383, 1),
(453393, 1),
(453396, 1),
(453407, 1),
(453469, 1),
(453529, 1),
(453582, 1),
(453647, 1),
(453753, 1),
(453915, 1),
(454378, 1),
(454456, 1),
(454683, 1),
(454850, 1),
(455311, 1),
(455465, 1),
(455502, 1),
(455528, 1),
(455538, 1),
(455729, 1),
(455874, 1),
(456008, 1),
(456460, 1),
(456619, 1),
(457422, 1),
(457578, 1),
(457625, 1),
(458114, 1),
(458474, 1),
(458969, 1),
(459253, 1),
(459315, 1),
(459378, 1),
(459431, 1),
(459570, 1),
(460368, 1),
(460429, 1),
(460591, 1),
(460728, 1),
(461001, 1),
(461007, 1),
(462855, 1),
(463349, 1),
(463753, 1),
(464660, 1),
(464719, 1),
(464725, 1),
(465115, 1),
(465474, 1),
(465528, 1),
(465739, 1),
(466057, 1),
(466121, 1),
(466333, 1),
(466523, 1),
(466551, 1),
(467010, 1),
(467227, 1),
(467239, 1),
(467381, 1),
(467560, 1),
(467721, 1),
(467722, 1),
(467782, 1),
(467784, 1),
(467812, 1),
(467943, 1),
(468015, 1),
(468236, 1),
(468458, 1),
(468591, 1),
(468620, 1),
(468725, 1),
(468820, 1),
(469146, 1),
(469894, 1),
(470319, 1),
(470484, 1),
(470491, 1),
(470554, 1),
(470729, 1),
(470761, 1),
(471043, 1),
(471048, 1),
(471050, 1),
(471239, 1),
(471269, 1),
(471318, 1),
(471387, 1),
(471450, 1),
(471508, 1),
(471515, 1),
(471517, 1),
(471889, 1),
(471926, 1),
(472099, 1),
(472174, 1),
(472181, 1),
(472866, 1),
(473331, 1),
(473578, 1),
(476030, 1),
(476175, 1),
(476962, 1),
(477570, 1),
(477869, 1),
(477956, 1),
(478084, 1),
(478894, 1),
(478895, 1),
(480111, 1),
(480917, 1),
(481669, 1),
(482218, 1),
(482435, 1),
(482487, 1),
(483359, 1),
(483408, 1),
(483423, 1),
(483424, 1),
(483549, 1),
(483710, 1),
(484291, 1),
(484366, 1),
(484521, 1),
(484815, 1),
(484817, 1),
(484845, 1),
(484891, 1),
(484973, 1),
(485134, 1),
(485860, 1),
(485894, 1),
(485910, 1),
(485919, 1),
(485924, 1),
(485926, 1),
(485966, 1),
(486441, 1),
(486466, 1),
(486490, 1),
(486724, 1),
(487153, 1),
(487376, 1),
(487421, 1),
(487455, 1),
(487456, 1),
(487521, 1),
(487534, 1),
(487535, 1),
(487567, 1),
(487596, 1),
(487632, 1),
(487703, 1),
(487792, 1),
(487962, 1),
(487990, 1),
(487992, 1),
(488010, 1),
(488040, 1),
(488074, 1),
(488609, 1),
(488645, 1),
(488709, 1),
(488755, 1),
(488862, 1),
(488956, 1),
(488975, 1),
(489040, 1),
(489798, 1),
(489943, 1),
(489958, 1),
(489990, 1),
(490728, 1),
(491503, 1),
(491536, 1),
(491679, 1),
(492123, 1),
(492138, 1),
(492182, 1),
(492321, 1),
(492424, 1),
(492527, 1),
(492678, 1),
(492727, 1),
(492958, 1),
(493910, 1),
(493958, 1),
(494022, 1),
(494023, 1),
(494181, 1),
(494531, 1),
(494723, 1),
(495227, 1),
(495535, 1),
(495554, 1),
(496185, 1),
(496303, 1),
(496863, 1),
(497051, 1),
(497090, 1),
(497143, 1),
(497511, 1),
(498023, 1),
(498396, 1),
(498524, 1),
(498558, 1),
(498562, 1),
(498666, 1),
(498756, 1),
(499057, 1),
(499473, 1),
(499583, 1),
(499676, 1),
(499754, 1),
(500216, 1),
(500254, 1),
(500354, 1),
(500815, 1),
(500878, 1),
(501106, 1),
(501212, 1),
(501219, 1),
(501322, 1),
(501340, 1),
(501570, 1),
(501661, 1),
(501933, 1),
(502058, 1),
(502138, 1),
(502219, 1),
(502596, 1),
(502747, 1),
(502800, 1),
(502812, 1),
(502879, 1),
(502940, 1),
(502961, 1),
(503026, 1),
(503308, 1),
(503310, 1),
(503317, 1),
(503338, 1),
(503641, 1),
(503830, 1),
(503875, 1),
(504200, 1),
(504301, 1),
(505007, 1),
(505032, 1),
(505078, 1),
(505229, 1),
(505561, 1),
(505609, 1),
(505610, 1),
(506130, 1),
(506182, 1),
(506214, 1),
(506250, 1),
(506259, 1),
(506580, 1),
(506732, 1),
(506843, 1),
(507606, 1),
(508373, 1),
(508526, 1),
(508949, 1),
(509163, 1),
(509457, 1),
(509545, 1),
(509594, 1),
(509640, 1),
(512002, 1),
(514219, 1),
(514220, 1),
(514320, 1),
(514498, 1),
(514499, 1),
(514643, 1),
(514663, 1),
(514746, 1),
(515493, 1),
(515799, 1),
(516098, 1),
(516169, 1),
(516531, 1),
(516590, 1),
(516868, 1),
(517849, 1),
(518071, 1),
(518815, 1),
(518929, 1),
(519765, 1),
(519823, 1),
(520195, 1),
(520258, 1),
(520376, 1),
(521256, 1),
(521321, 1),
(521322, 1),
(521941, 1),
(522975, 1),
(524393, 1),
(525235, 1),
(525353, 1),
(526802, 1),
(527234, 1),
(527285, 1),
(527751, 1),
(527765, 1),
(527796, 1),
(527878, 1),
(528060, 1),
(528288, 1),
(528900, 1),
(528949, 1),
(529329, 1),
(529606, 1),
(529609, 1),
(529957, 1),
(530044, 1),
(531027, 1),
(531241, 1),
(531365, 1),
(531771, 1),
(532146, 1),
(532654, 1),
(532733, 1),
(532974, 1),
(532980, 1),
(533297, 1),
(533304, 1),
(533344, 1),
(533542, 1),
(533543, 1),
(533931, 1),
(533974, 1),
(534007, 1),
(534265, 1),
(534370, 1),
(535109, 1),
(535134, 1),
(535363, 1),
(535528, 1),
(535589, 1),
(535810, 1),
(536819, 1),
(537140, 1),
(537864, 1),
(538233, 1),
(538292, 1),
(538337, 1),
(538349, 1),
(539395, 1),
(539687, 1),
(539710, 1),
(539792, 1),
(540212, 1),
(540528, 1),
(540640, 1),
(540984, 1),
(541233, 1),
(541284, 1),
(541452, 1),
(541641, 1),
(541749, 1),
(541828, 1),
(542485, 1),
(542890, 1),
(543300, 1),
(543309, 1),
(543748, 1),
(543843, 1),
(544284, 1),
(544285, 1),
(544782, 1),
(545122, 1),
(545564, 1),
(545820, 1),
(546178, 1),
(546588, 1),
(546657, 1),
(547647, 1),
(548010, 1),
(548025, 1),
(548120, 1),
(549619, 1),
(549689, 1),
(550291, 1),
(550688, 1),
(551556, 1),
(551562, 1),
(553161, 1),
(553432, 1),
(555572, 1),
(558771, 1),
(559538, 1),
(560038, 1),
(561651, 1),
(562738, 1),
(562804, 1),
(562838, 1),
(562988, 1),
(563377, 1),
(564025, 1),
(564064, 1),
(564180, 1),
(564250, 1),
(564550, 1),
(564834, 1),
(564995, 1),
(565317, 1),
(565613, 1),
(565666, 1),
(566263, 1),
(566521, 1),
(566746, 1),
(566818, 1),
(566930, 1),
(566932, 1),
(567053, 1),
(567587, 1),
(567753, 1),
(567793, 1),
(567818, 1),
(568037, 1),
(568071, 1),
(568092, 1),
(568196, 1),
(568197, 1),
(568261, 1),
(568357, 1),
(568423, 1),
(568676, 1),
(568804, 1),
(569287, 1),
(569355, 1),
(569525, 1),
(569599, 1),
(569632, 1),
(569643, 1),
(569767, 1),
(569888, 1),
(570219, 1),
(570291, 1),
(570340, 1),
(570963, 1),
(570964, 1),
(571620, 1),
(571804, 1),
(571996, 1),
(572086, 1),
(572336, 1),
(572357, 1),
(572420, 1),
(573378, 1),
(573758, 1),
(574608, 1),
(575046, 1),
(575058, 1),
(575086, 1),
(575117, 1),
(575131, 1),
(575241, 1),
(575310, 1),
(575315, 1),
(575963, 1),
(576144, 1),
(576145, 1),
(576159, 1),
(576226, 1),
(576240, 1),
(576271, 1),
(577611, 1),
(577695, 1),
(578165, 1),
(579015, 1),
(579217, 1),
(579859, 1),
(579940, 1),
(580090, 1),
(580166, 1),
(580262, 1),
(580402, 1),
(580485, 1),
(580539, 1),
(580611, 1),
(580635, 1),
(580636, 1),
(580963, 1),
(580996, 1),
(581043, 1),
(581419, 1),
(582011, 1),
(582013, 1),
(582125, 1),
(582174, 1),
(582546, 1),
(582585, 1),
(582594, 1),
(583014, 1),
(583363, 1),
(583374, 1),
(583415, 1),
(583481, 1),
(583848, 1),
(583916, 1),
(583919, 1),
(583954, 1),
(584070, 1),
(584147, 1),
(584272, 1),
(584300, 1),
(584363, 1),
(584386, 1),
(584468, 1),
(584517, 1),
(584692, 1),
(584700, 1),
(584709, 1),
(584774, 1),
(584933, 1),
(584948, 1),
(584996, 1),
(585143, 1),
(585253, 1),
(585411, 1),
(585463, 1),
(585732, 1),
(585791, 1),
(585794, 1),
(585821, 1),
(585858, 1),
(586195, 1),
(586316, 1),
(586440, 1),
(586478, 1),
(586587, 1),
(587141, 1),
(587213, 1),
(587301, 1),
(587304, 1),
(587316, 1),
(587330, 1),
(588007, 1),
(588060, 1),
(588451, 1),
(588552, 1),
(588880, 1),
(588920, 1),
(588985, 1),
(589084, 1),
(589173, 1),
(589695, 1),
(589922, 1),
(590058, 1),
(590558, 1),
(590587, 1),
(590680, 1),
(590929, 1),
(591409, 1),
(591785, 1),
(592200, 1),
(592450, 1),
(592522, 1),
(592837, 1),
(592963, 1),
(594903, 1),
(595074, 1),
(595420, 1),
(596364, 1),
(596553, 1),
(596620, 1),
(596876, 1),
(596973, 1),
(597449, 1),
(597488, 1),
(598073, 1),
(599134, 1),
(599451, 1),
(599513, 1),
(599573, 1),
(599831, 1),
(600264, 1),
(600537, 1),
(600566, 1),
(601016, 1),
(601456, 1),
(601650, 1),
(601961, 1),
(601992, 1),
(602394, 1),
(603065, 1),
(603491, 1),
(603765, 1),
(604354, 1),
(604358, 1),
(604447, 1),
(604891, 1),
(605125, 1),
(605688, 1),
(606557, 1),
(606639, 1),
(607202, 1),
(607253, 1),
(608523, 1),
(608770, 1),
(609769, 1),
(609995, 1),
(610538, 1),
(610540, 1),
(610738, 1),
(611282, 1),
(611643, 1),
(612674, 1),
(613065, 1),
(613141, 1),
(613664, 1),
(613722, 1),
(614025, 1),
(614352, 1),
(614585, 1),
(614587, 1),
(615904, 1),
(616244, 1),
(617785, 1),
(618464, 1),
(619901, 1),
(619967, 1),
(620969, 1),
(620994, 1),
(621740, 1),
(621875, 1),
(621877, 1),
(622038, 1),
(622595, 1),
(622791, 1),
(622793, 1),
(623792, 1),
(624012, 1),
(624014, 1),
(624077, 1),
(624116, 1),
(624534, 1),
(625151, 1),
(625369, 1),
(625820, 1),
(626102, 1),
(627334, 1),
(628222, 1),
(628474, 1),
(628489, 1),
(628906, 1),
(629007, 1),
(629293, 1),
(629338, 1),
(629615, 1),
(629815, 1),
(629950, 1),
(630540, 1),
(630553, 1),
(631300, 1),
(631343, 1),
(631508, 1),
(631724, 1),
(631923, 1),
(631928, 1),
(631991, 1),
(632010, 1),
(632646, 1),
(632655, 1),
(633000, 1),
(633227, 1),
(633307, 1),
(633308, 1),
(633485, 1),
(633965, 1),
(635582, 1),
(635732, 1),
(636171, 1),
(636206, 1),
(636329, 1),
(636362, 1),
(636489, 1),
(637338, 1),
(637939, 1),
(638185, 1),
(638188, 1),
(638250, 1),
(639846, 1),
(639901, 1),
(640345, 1),
(640457, 1),
(640583, 1),
(640840, 1),
(641500, 1),
(642111, 1),
(642212, 1),
(642228, 1),
(642315, 1),
(643297, 1),
(644749, 1),
(645294, 1),
(645414, 1),
(645651, 1),
(647077, 1),
(647647, 1),
(647689, 1),
(647692, 1),
(649875, 1),
(650322, 1),
(650632, 1),
(652647, 1),
(652776, 1),
(654625, 1),
(654792, 1),
(655363, 1),
(655365, 1),
(656083, 1),
(656516, 1),
(656517, 1),
(656518, 1),
(656519, 1),
(656520, 1),
(657229, 1),
(658033, 1),
(658256, 1),
(658377, 1),
(658424, 1),
(659232, 1),
(659523, 1),
(659526, 1),
(659885, 1),
(659986, 1),
(660662, 1),
(660876, 1),
(660946, 1),
(660998, 1),
(661161, 1),
(661651, 1),
(662060, 1),
(662203, 1),
(662484, 1),
(662879, 1),
(663448, 1),
(663463, 1),
(663764, 1),
(663912, 1),
(664133, 1),
(664419, 1),
(664521, 1),
(664656, 1),
(664941, 1),
(664956, 1),
(665028, 1),
(665191, 1),
(666135, 1),
(666322, 1),
(666326, 1),
(666335, 1),
(666398, 1),
(667130, 1),
(667523, 1),
(667658, 1),
(668611, 1),
(669012, 1),
(669026, 1),
(669877, 1),
(670215, 1),
(670348, 1),
(670645, 1),
(671820, 1),
(672574, 1),
(672762, 1),
(672780, 1),
(673283, 1),
(673604, 1),
(674431, 1),
(674504, 1),
(675327, 1),
(675567, 1),
(675569, 1),
(676775, 1),
(677082, 1),
(677715, 1),
(678366, 1),
(678540, 1),
(678916, 1),
(679008, 1),
(679325, 1),
(679816, 1),
(679892, 1),
(680046, 1),
(680970, 1),
(681221, 1),
(681477, 1),
(681540, 1),
(681800, 1),
(682181, 1),
(682456, 1),
(682511, 1),
(682523, 1),
(682576, 1),
(682607, 1),
(682693, 1),
(682754, 1),
(682780, 1),
(683815, 1),
(684112, 1),
(684998, 1),
(685062, 1),
(685186, 1),
(685289, 1),
(685316, 1),
(685319, 1),
(685374, 1),
(685392, 1),
(685832, 1),
(685887, 1),
(686722, 1),
(687231, 1),
(687342, 1),
(688333, 1),
(688579, 1),
(689045, 1),
(689139, 1),
(689581, 1),
(689584, 1),
(689864, 1),
(689970, 1),
(690099, 1),
(690571, 1),
(690607, 1),
(690664, 1),
(690864, 1),
(692528, 1),
(693230, 1),
(693308, 1),
(693506, 1),
(693960, 1),
(694633, 1),
(694670, 1),
(695473, 1),
(696261, 1),
(696468, 1),
(696725, 1),
(696843, 1),
(697323, 1),
(697355, 1),
(697620, 1),
(697722, 1),
(697731, 1),
(697848, 1),
(698502, 1),
(698655, 1),
(699242, 1),
(699426, 1),
(699747, 1),
(701570, 1),
(701668, 1),
(702820, 1),
(702941, 1),
(703236, 1),
(703518, 1),
(704319, 1),
(704442, 1),
(704657, 1),
(704886, 1),
(705177, 1),
(705271, 2),
(707226, 1),
(707383, 1),
(708107, 1),
(710071, 1),
(710953, 1),
(711221, 1),
(711875, 1),
(712404, 1),
(712427, 1),
(712770, 1),
(712978, 1),
(713225, 1),
(713231, 1),
(713364, 1),
(713381, 1),
(713547, 1),
(713949, 1),
(714290, 1),
(714307, 1),
(715166, 1),
(715349, 1),
(715362, 1),
(715421, 1),
(715895, 1),
(716066, 1),
(716143, 1),
(716639, 1),
(716768, 1),
(716783, 1),
(716833, 1),
(717578, 1),
(717702, 1),
(717705, 1),
(717803, 1),
(717950, 1),
(718018, 1),
(718142, 1),
(718339, 1),
(719049, 1),
(719328, 1),
(721323, 1),
(721394, 1),
(721894, 1),
(722020, 1),
(722219, 1),
(722726, 1),
(722759, 1),
(723240, 1),
(723553, 1),
(724236, 1),
(724246, 1),
(724276, 1),
(724549, 1),
(724778, 1),
(724875, 1),
(725180, 1),
(725477, 1),
(725551, 1),
(726098, 1),
(726110, 1),
(726413, 1),
(727482, 1),
(728058, 1),
(728124, 1),
(728459, 1),
(728657, 1),
(729090, 1),
(729801, 1),
(729802, 1),
(729866, 1),
(730060, 1),
(730165, 1),
(730166, 1),
(730434, 1),
(730635, 1),
(731405, 1),
(731408, 1),
(731680, 1),
(731977, 2),
(731979, 1),
(731981, 1),
(733161, 1),
(734707, 1),
(734801, 1),
(734855, 1),
(734856, 1),
(737029, 1),
(737075, 1),
(737256, 1),
(738898, 1),
(738965, 1),
(739186, 1),
(741251, 1),
(742867, 1),
(742995, 1),
(743058, 1),
(743106, 1),
(743167, 1),
(744549, 2),
(744628, 1),
(746536, 1),
(746613, 1),
(747014, 1),
(747167, 1),
(747744, 1),
(747925, 1),
(748117, 1),
(748149, 1),
(748188, 1),
(748257, 1),
(748259, 1),
(748518, 1),
(749437, 1),
(749578, 1),
(749601, 1),
(750142, 1),
(750339, 1),
(750526, 1),
(751257, 1),
(751299, 1),
(751300, 1),
(751522, 1),
(751993, 1),
(752218, 1),
(752400, 1),
(752439, 1),
(752711, 1),
(752723, 1),
(753637, 1),
(753962, 1),
(754458, 1),
(754901, 1),
(755118, 1),
(755501, 1),
(755870, 1),
(756522, 1),
(757060, 1),
(757170, 1),
(757506, 1),
(757573, 1),
(757689, 1),
(757924, 1),
(758507, 1),
(758662, 1),
(759124, 1),
(759187, 1),
(759235, 1),
(759641, 1),
(759732, 1),
(759975, 1),
(760356, 1),
(760386, 1),
(760507, 1),
(760783, 1),
(760970, 1),
(761343, 1),
(761551, 1),
(761972, 1),
(762051, 1),
(762055, 1),
(762089, 1),
(762702, 1),
(763182, 1),
(763344, 1),
(763345, 1),
(763432, 1),
(763586, 1),
(763700, 1),
(764193, 1),
(764321, 1),
(764325, 1),
(764451, 1),
(764726, 1),
(764727, 1),
(765155, 1),
(765718, 1),
(765954, 1),
(765960, 1),
(765980, 1),
(765987, 1),
(765990, 1),
(765995, 1),
(765997, 1),
(766268, 1),
(766466, 1),
(767309, 1),
(767343, 1),
(767711, 1),
(767841, 1),
(769206, 1),
(769337, 1),
(771685, 1),
(772446, 1),
(772450, 1),
(772509, 1),
(772579, 1),
(772613, 1),
(772657, 1),
(773041, 1),
(773203, 1),
(773414, 1),
(773418, 1),
(773473, 1),
(774149, 1),
(774509, 1),
(775362, 1),
(775365, 1),
(775778, 1),
(775844, 1),
(775874, 1),
(775959, 1),
(776088, 1),
(776580, 1),
(776728, 1),
(777131, 1),
(777447, 1),
(777761, 1),
(778552, 1),
(778721, 1),
(780076, 1),
(781220, 1),
(781773, 1),
(782482, 1),
(782819, 1),
(783460, 1),
(784240, 1),
(784963, 1),
(785100, 1),
(785167, 1),
(787219, 1),
(787493, 1),
(788102, 1),
(788242, 1),
(788676, 1),
(788794, 1),
(789169, 1),
(789562, 1),
(790068, 1),
(790403, 1),
(790442, 1),
(790644, 1),
(790866, 1),
(791526, 1),
(792178, 1),
(792287, 1),
(792368, 1),
(792766, 1),
(792773, 1),
(793653, 1),
(793707, 1),
(793719, 1),
(793837, 1),
(793977, 1),
(793992, 1),
(794212, 1),
(795389, 1),
(795461, 1),
(795566, 1),
(795572, 1),
(795988, 1),
(796494, 1),
(796590, 1),
(796820, 1),
(796903, 1),
(797433, 1),
(797537, 1),
(797560, 1),
(797566, 1),
(797818, 1),
(798235, 1),
(798242, 1),
(798276, 1),
(798443, 1),
(798744, 1),
(799426, 1),
(799464, 1),
(799682, 1),
(800322, 1),
(800333, 1),
(800371, 1),
(800938, 1),
(801475, 1),
(801480, 1),
(801538, 1),
(801571, 1),
(802087, 1),
(802477, 1),
(802541, 1),
(803626, 1),
(805472, 1),
(805537, 1),
(805639, 1),
(805813, 1),
(806674, 1),
(806744, 1),
(807011, 1),
(807484, 1),
(808094, 1),
(808432, 1),
(808811, 1),
(809468, 1),
(809783, 1),
(810008, 1),
(810046, 1),
(810455, 1),
(810585, 1),
(811094, 1),
(811173, 1),
(812269, 1),
(812430, 1),
(812472, 1),
(813580, 1),
(813698, 1),
(813954, 1),
(814019, 1),
(814447, 1),
(816175, 1),
(816237, 1),
(816298, 1),
(816396, 1),
(816439, 1),
(816514, 1),
(816552, 1),
(816658, 1),
(817282, 1),
(818209, 1),
(820500, 1),
(820676, 1),
(827398, 1),
(828921, 1),
(828926, 1),
(829247, 1),
(832175, 1),
(832350, 1),
(832733, 1),
(833374, 1),
(834405, 1),
(835244, 1),
(835548, 1),
(835964, 1),
(836211, 1),
(836571, 1),
(836642, 1),
(836978, 1),
(837254, 1),
(837370, 1),
(837371, 1),
(837435, 1),
(837470, 1),
(839141, 1),
(840749, 1),
(841320, 1),
(841406, 1),
(842399, 1),
(842756, 1),
(842948, 1),
(843135, 1),
(843173, 1),
(843192, 1),
(843637, 1),
(844100, 1),
(844210, 1),
(844220, 1),
(844512, 1),
(844566, 1),
(844567, 1),
(844660, 1),
(844802, 1),
(844810, 1),
(844998, 1),
(844999, 1),
(845435, 1),
(845500, 1),
(845598, 1),
(845748, 1),
(846342, 1),
(846351, 1),
(846403, 1),
(846576, 1),
(846887, 1),
(847013, 1),
(847639, 1),
(847810, 1),
(848063, 1),
(848253, 1),
(848383, 1),
(849382, 1),
(849468, 1),
(850050, 1),
(850089, 1),
(850307, 1),
(850319, 1),
(850401, 1),
(850590, 1),
(850784, 1),
(850788, 1),
(850866, 1),
(850884, 1),
(851145, 1),
(851873, 1),
(851999, 1),
(852030, 1),
(852489, 1),
(852611, 1),
(853250, 1),
(853261, 1),
(853419, 1),
(853473, 1),
(853503, 1),
(853536, 1),
(853906, 1),
(853908, 1),
(853919, 1),
(853946, 1),
(853948, 1),
(854380, 1),
(854473, 1),
(854703, 1),
(854809, 1),
(854833, 1),
(855155, 1),
(855180, 1),
(855903, 1),
(856152, 1),
(856692, 1),
(856693, 1),
(856711, 1),
(856964, 1),
(857033, 1),
(857350, 1),
(857954, 1),
(857990, 1),
(858489, 1),
(858707, 1),
(858708, 1),
(858724, 1),
(858818, 1),
(859579, 1),
(860035, 1),
(860162, 1),
(861379, 1),
(861560, 1),
(861819, 1),
(862669, 1),
(863109, 1),
(864928, 1),
(864981, 1),
(865156, 1),
(865474, 1),
(866089, 1),
(866583, 1),
(866646, 1),
(866918, 1),
(867216, 1),
(869643, 1),
(869734, 1),
(870701, 1),
(871032, 1),
(871234, 1),
(871565, 1),
(872811, 1),
(872974, 1),
(873417, 1),
(873458, 1),
(873528, 1),
(873590, 1),
(873673, 1),
(873896, 1),
(874696, 1),
(874755, 1),
(875102, 1),
(876066, 1),
(876122, 1),
(876286, 1),
(876339, 1),
(876527, 1),
(876886, 1),
(876894, 1),
(876959, 1),
(877338, 1),
(877533, 1),
(878082, 1),
(878107, 1),
(878281, 1),
(878413, 1),
(878861, 1),
(879024, 1),
(879972, 1),
(880433, 1),
(880813, 1),
(881368, 1),
(881375, 1),
(881521, 1),
(881927, 1),
(882306, 1),
(882381, 1),
(882442, 1),
(882482, 1),
(882517, 1),
(882571, 1),
(883372, 1),
(883394, 1),
(883569, 1),
(883928, 1),
(884162, 1),
(884264, 1),
(884763, 1),
(885058, 1),
(885084, 1),
(885164, 1),
(885309, 1),
(885531, 1),
(886146, 1),
(886177, 1),
(886571, 1),
(887456, 1),
(887612, 1),
(888347, 1),
(888814, 1),
(889690, 1),
(889777, 1),
(890337, 1),
(890464, 1),
(890526, 1),
(890539, 1),
(890621, 1),
(891097, 1),
(891495, 1),
(891569, 1),
(891651, 1),
(892057, 1),
(892455, 1),
(892699, 1),
(892714, 1),
(892784, 1),
(892911, 1),
(892930, 1),
(893251, 1),
(893737, 1),
(894435, 1),
(894582, 1),
(894697, 1),
(895177, 1),
(895367, 1),
(895747, 1),
(896002, 1),
(896112, 1),
(896153, 1),
(896666, 1),
(896781, 1),
(896817, 1),
(896863, 1),
(896938, 1),
(897090, 1),
(897206, 1),
(897214, 1),
(897246, 1),
(897651, 1),
(897791, 1),
(897808, 1),
(897887, 1),
(897991, 1),
(898246, 1),
(898253, 1),
(898482, 1),
(898541, 1),
(898657, 1),
(898839, 1),
(899276, 1),
(899402, 1),
(899447, 1),
(899524, 1),
(899532, 1),
(899723, 1),
(900098, 1),
(901108, 1),
(901136, 1),
(901166, 1),
(901182, 1),
(901767, 1),
(901822, 1),
(902042, 1),
(902096, 1),
(902196, 1),
(902249, 1),
(902303, 1),
(902405, 1),
(903493, 1),
(903728, 1),
(903797, 1),
(903798, 1),
(904263, 1),
(904517, 1),
(904699, 1),
(904801, 1),
(905288, 1),
(905311, 1),
(905916, 1),
(906856, 1),
(906995, 1),
(907778, 1),
(907827, 1),
(907883, 1),
(907942, 1),
(908343, 1),
(908419, 1),
(908433, 1),
(908462, 1),
(908787, 1),
(908923, 1),
(909061, 1),
(909167, 1),
(909327, 1),
(909333, 1),
(909347, 1),
(909358, 1),
(909486, 1),
(909540, 1),
(909559, 1),
(909869, 1),
(909941, 1),
(910167, 1),
(910311, 1),
(910421, 1),
(910479, 1),
(910499, 1),
(910504, 1),
(910566, 1),
(910599, 1),
(910665, 1),
(911653, 1),
(912200, 1),
(912487, 1),
(912572, 1),
(912613, 1),
(912614, 1),
(913190, 1),
(913223, 1),
(913869, 1),
(913945, 1),
(913978, 1),
(913979, 1),
(914209, 1),
(914385, 1),
(914738, 1),
(915143, 1),
(915652, 1),
(915755, 1),
(916295, 1),
(916542, 1),
(916703, 1),
(917374, 1),
(918048, 1),
(919084, 1),
(919781, 1),
(919944, 1),
(920635, 1),
(921076, 1),
(921338, 1),
(921470, 1),
(922250, 1),
(922627, 1),
(922882, 1),
(922917, 1),
(923045, 1),
(923250, 1),
(924418, 1),
(924592, 1),
(924861, 1),
(925075, 1),
(925082, 1),
(925105, 1),
(925502, 1),
(925638, 1),
(925704, 1),
(925720, 1),
(925727, 1),
(926076, 1),
(927157, 1),
(927558, 1),
(928578, 1),
(931272, 1),
(932531, 1),
(932595, 1),
(932610, 1),
(932627, 1),
(932652, 1),
(932897, 1),
(933053, 1),
(933128, 1),
(933283, 1),
(933311, 1),
(934040, 1),
(934131, 1),
(934176, 1),
(934589, 1),
(934722, 1),
(934916, 1),
(935301, 1),
(935347, 1),
(935592, 1),
(936457, 1),
(936489, 1),
(936661, 1),
(936787, 1),
(936875, 1),
(937256, 1),
(937350, 1),
(937524, 1),
(937525, 1),
(937599, 1),
(937699, 1),
(938005, 1),
(938053, 1),
(938316, 1),
(938447, 1),
(938658, 1),
(938883, 1),
(938986, 1),
(940436, 1),
(940571, 1),
(940634, 1),
(940709, 1),
(940738, 1),
(940791, 1),
(940938, 1),
(941128, 1),
(941217, 1),
(941378, 1),
(941398, 1),
(941493, 1),
(941559, 1),
(941850, 1),
(942008, 1),
(942217, 1),
(942344, 1),
(942410, 1),
(942626, 1),
(942628, 1),
(942637, 1),
(942646, 1),
(942728, 1),
(943244, 1),
(943395, 1),
(943668, 1),
(944482, 1),
(944520, 1),
(944604, 1),
(944721, 1),
(944770, 1),
(944771, 1),
(944962, 1),
(945312, 1),
(945365, 1),
(945422, 2),
(945558, 1),
(945629, 1),
(945738, 1),
(945739, 1),
(946065, 1),
(946178, 1),
(946205, 1),
(946658, 1),
(946888, 1),
(947021, 1),
(947361, 1),
(947542, 1),
(947655, 1),
(948767, 1),
(948776, 1),
(948797, 1),
(948940, 1),
(948994, 1),
(949309, 1),
(949401, 1),
(949742, 1),
(950059, 1),
(950130, 1),
(950157, 1),
(950190, 1),
(950386, 1),
(951044, 1),
(951075, 1),
(951083, 1),
(951720, 1),
(952710, 1),
(953003, 1),
(953727, 1),
(954730, 1),
(955070, 1),
(955114, 1),
(955293, 1),
(956631, 1),
(956850, 1),
(956980, 1),
(957605, 1),
(957628, 1),
(957680, 1),
(957700, 1),
(957847, 1),
(957955, 1),
(958190, 1),
(958698, 1),
(961094, 1),
(961549, 1),
(961770, 1),
(961786, 1),
(961787, 1),
(961789, 1),
(962103, 1),
(962411, 1),
(962645, 1),
(962898, 1),
(963090, 1),
(963222, 1),
(963395, 1),
(963574, 1),
(965734, 1),
(965790, 1),
(965801, 1),
(965832, 1),
(967813, 1),
(968839, 1),
(969218, 1),
(969350, 1),
(969414, 1),
(969683, 1),
(969743, 1),
(970909, 1),
(971090, 1),
(971151, 1),
(971849, 1),
(972951, 1),
(972978, 1),
(973269, 1),
(973418, 1),
(973534, 1),
(973654, 1),
(973670, 1),
(973737, 1),
(973875, 1),
(973939, 1),
(973948, 1),
(974122, 1),
(974215, 1),
(974509, 1),
(974558, 1),
(974742, 1),
(974858, 1),
(974889, 1),
(975189, 1),
(975650, 1),
(977311, 1),
(977365, 1),
(977666, 1),
(977746, 1),
(977932, 1),
(977986, 1),
(978292, 1),
(978502, 1),
(978678, 1),
(979150, 1),
(979202, 1),
(979455, 1),
(979681, 1),
(979872, 1),
(980004, 1),
(981492, 1),
(981637, 1),
(981772, 1),
(981929, 1),
(982445, 1),
(982693, 1),
(983938, 1),
(983981, 1),
(985586, 1),
(985750, 1),
(985815, 1),
(987399, 1),
(989665, 1),
(989771, 1),
(990012, 1),
(990349, 1),
(990410, 1),
(990761, 1),
(990777, 1),
(991299, 1),
(991358, 1),
(991582, 1),
(991585, 1),
(991992, 1),
(993503, 1),
(993594, 1),
(993595, 1),
(993700, 1),
(993702, 1),
(993803, 1),
(993810, 1),
(993848, 1),
(993873, 1),
(994009, 1),
(994059, 1),
(994519, 1),
(994559, 1),
(994822, 1),
(994871, 1),
(994997, 1),
(995127, 1),
(995260, 1),
(995267, 1),
(995268, 1),
(995378, 1),
(995483, 1),
(995617, 1),
(995971, 1),
(996026, 1),
(996080, 1),
(997540, 1),
(997669, 1),
(997883, 1),
(998038, 1),
(998538, 1),
(998564, 1),
(998771, 1),
(998776, 1),
(999062, 1),
(999146, 1),
(999345, 1),
(999524, 1),
(999810, 1),
(1000070, 1),
(1000101, 1),
(1001872, 1),
(1001937, 1),
(1002330, 1),
(1002721, 1),
(1003432, 1),
(1003522, 1),
(1003892, 1),
(1003899, 1),
(1004074, 1),
(1006427, 1),
(1007756, 1),
(1007906, 1),
(1008007, 1),
(1009796, 1),
(1009965, 1),
(1010600, 1),
(1010665, 1),
(1010668, 1),
(1010785, 1),
(1011427, 1),
(1011489, 1),
(1013963, 1),
(1014099, 1),
(1014403, 1),
(1014825, 1),
(1014989, 1),
(1015738, 1),
(1018096, 1),
(1019380, 1),
(1020083, 1),
(1020277, 1),
(1022089, 1),
(1022152, 1),
(1022207, 1),
(1022507, 1),
(1022530, 1),
(1022710, 1),
(1022803, 1),
(1022831, 1),
(1023019, 1),
(1023089, 1),
(1023234, 1),
(1023354, 1),
(1023611, 1),
(1024008, 1),
(1024226, 1),
(1024292, 1),
(1026626, 1),
(1026917, 1),
(1026935, 1),
(1027321, 1),
(1027459, 1),
(1030679, 1),
(1030741, 1),
(1031014, 1),
(1031319, 1),
(1031625, 1),
(1031942, 1),
(1032142, 1),
(1034690, 1),
(1034700, 1),
(1034807, 1),
(1034815, 1),
(1034976, 1),
(1034991, 1),
(1035152, 1),
(1035434, 1),
(1035629, 1),
(1035711, 1),
(1036035, 1),
(1036098, 1),
(1036213, 1),
(1036287, 1),
(1038590, 1),
(1038837, 1),
(1038900, 1),
(1038938, 1),
(1038959, 1),
(1039107, 1),
(1039140, 1),
(1039374, 1),
(1039453, 1),
(1039658, 1),
(1039803, 1),
(1039870, 1),
(1039871, 1),
(1040122, 1),
(1042769, 1),
(1042989, 1),
(1043260, 1),
(1043424, 1),
(1044080, 1),
(1044435, 1);

-- --------------------------------------------------------

--
-- Table structure for table `hitted_song`
--

CREATE TABLE IF NOT EXISTS `hitted_song` (
  `hash_id` int(10) DEFAULT NULL,
  `hash_value` varchar(100) DEFAULT NULL,
  `song_id` int(10) DEFAULT NULL,
  KEY `FK_hitted_song_hash_lookup` (`hash_id`),
  KEY `FK_hitted_song_meta_data_idx` (`song_id`)
) ENGINE=InnoDB DEFAULT CHARSET=latin1;

-- --------------------------------------------------------

--
-- Table structure for table `hitted_song_temp`
--

CREATE TABLE IF NOT EXISTS `hitted_song_temp` (
  `hash_id` int(10) NOT NULL DEFAULT '0',
  PRIMARY KEY (`hash_id`)
) ENGINE=InnoDB DEFAULT CHARSET=latin1;

-- --------------------------------------------------------

--
-- Table structure for table `identifiedbroadcastings`
--

CREATE TABLE IF NOT EXISTS `identifiedbroadcastings` (
  `broadcastingID` int(11) NOT NULL AUTO_INCREMENT,
  `date` date NOT NULL,
  `time` time NOT NULL,
  `channelID` int(11) NOT NULL,
  `songID` int(11) NOT NULL,
  `broadcastingPartFileName` varchar(45) NOT NULL,
  `broadcastingPartFilePath` varchar(100) NOT NULL,
  PRIMARY KEY (`broadcastingID`)
) ENGINE=InnoDB  DEFAULT CHARSET=latin1 AUTO_INCREMENT=3 ;

--
-- Dumping data for table `identifiedbroadcastings`
--

INSERT INTO `identifiedbroadcastings` (`broadcastingID`, `date`, `time`, `channelID`, `songID`, `broadcastingPartFileName`, `broadcastingPartFilePath`) VALUES
(1, '2015-01-19', '02:48:45', 1, 2, 'broadcasting001', 'https://www.youtube.com/watch?v=S3mKekB5YHc'),
(2, '2015-01-19', '02:52:00', 2, 1, 'broadcasting002', 'https://www.youtube.com/watch?v=ypq4He6a-j8');

-- --------------------------------------------------------

--
-- Table structure for table `lyricist`
--

CREATE TABLE IF NOT EXISTS `lyricist` (
  `idLyricist` varchar(5) NOT NULL,
  `lfirstName` varchar(45) NOT NULL,
  `lmiddlName` varchar(45) DEFAULT NULL,
  `llastName` varchar(45) NOT NULL,
  `houseNumber` varchar(45) DEFAULT NULL,
  `street` varchar(45) DEFAULT NULL,
  `city` varchar(45) DEFAULT NULL,
  PRIMARY KEY (`idLyricist`)
) ENGINE=InnoDB DEFAULT CHARSET=latin1;

--
-- Dumping data for table `lyricist`
--

INSERT INTO `lyricist` (`idLyricist`, `lfirstName`, `lmiddlName`, `llastName`, `houseNumber`, `street`, `city`) VALUES
('l1', 'Sunil', 'S', 'Ariyaratne', '78', 'Jambugasmulla road', 'Nugegoda');

-- --------------------------------------------------------

--
-- Table structure for table `matadata`
--

CREATE TABLE IF NOT EXISTS `matadata` (
  `idmatadata` int(11) NOT NULL AUTO_INCREMENT,
  `artist` varchar(5) DEFAULT NULL,
  `composer` varchar(5) DEFAULT NULL,
  `lyricist` varchar(5) DEFAULT NULL,
  PRIMARY KEY (`idmatadata`),
  KEY `artist_idx` (`artist`),
  KEY `composer_idx` (`composer`),
  KEY `lyricist_idx` (`lyricist`)
) ENGINE=InnoDB  DEFAULT CHARSET=latin1 AUTO_INCREMENT=6 ;

--
-- Dumping data for table `matadata`
--

INSERT INTO `matadata` (`idmatadata`, `artist`, `composer`, `lyricist`) VALUES
(3, 'a1', 'c1', 'l1'),
(4, 'a2', 'c2', 'l1'),
(5, 'a1', 'c3', 'l1');

-- --------------------------------------------------------

--
-- Table structure for table `report_data`
--

CREATE TABLE IF NOT EXISTS `report_data` (
  `detected_id` int(11) NOT NULL AUTO_INCREMENT,
  `song_id` int(10) DEFAULT NULL,
  `begin_time` datetime DEFAULT NULL,
  `frequency_id` int(11) DEFAULT NULL,
  `end_time` datetime DEFAULT NULL,
  `score` int(11) DEFAULT NULL,
  PRIMARY KEY (`detected_id`),
  KEY `FK_report_data_meta_data` (`song_id`),
  KEY `FK_report_data_channel_frequencies` (`frequency_id`)
) ENGINE=InnoDB  DEFAULT CHARSET=latin1 AUTO_INCREMENT=3 ;

--
-- Dumping data for table `report_data`
--

INSERT INTO `report_data` (`detected_id`, `song_id`, `begin_time`, `frequency_id`, `end_time`, `score`) VALUES
(1, 1208, '2015-01-07 00:00:00', 1, '2015-01-07 00:04:02', 2),
(2, 232, '2015-01-07 00:00:00', 1, '2015-01-07 00:04:02', 2);

-- --------------------------------------------------------

--
-- Table structure for table `song`
--

CREATE TABLE IF NOT EXISTS `song` (
  `idsong` int(11) NOT NULL AUTO_INCREMENT,
  `code` varchar(10) NOT NULL,
  `songName` varchar(100) NOT NULL,
  `mp3file` int(11) DEFAULT NULL,
  PRIMARY KEY (`idsong`)
) ENGINE=InnoDB  DEFAULT CHARSET=latin1 AUTO_INCREMENT=260 ;

--
-- Dumping data for table `song`
--

INSERT INTO `song` (`idsong`, `code`, `songName`, `mp3file`) VALUES
(256, '1', 'Aadharaye Kodukarayo', 1),
(257, '2', 'Abisarikawange', 1),
(259, '3', 'Alayavan Manaram', 1);

-- --------------------------------------------------------

--
-- Table structure for table `songmatadata`
--

CREATE TABLE IF NOT EXISTS `songmatadata` (
  `idsong` int(11) NOT NULL DEFAULT '0',
  `idmatadata` int(11) NOT NULL DEFAULT '0',
  PRIMARY KEY (`idsong`,`idmatadata`),
  KEY `idsong_idx` (`idsong`),
  KEY `mataID_idx` (`idmatadata`)
) ENGINE=InnoDB DEFAULT CHARSET=latin1;

--
-- Dumping data for table `songmatadata`
--

INSERT INTO `songmatadata` (`idsong`, `idmatadata`) VALUES
(256, 3),
(257, 4),
(259, 5);

-- --------------------------------------------------------

--
-- Table structure for table `users`
--

CREATE TABLE IF NOT EXISTS `users` (
  `username` varchar(10) NOT NULL,
  `password` varchar(100) NOT NULL,
  PRIMARY KEY (`username`)
) ENGINE=InnoDB DEFAULT CHARSET=latin1;

--
-- Dumping data for table `users`
--

INSERT INTO `users` (`username`, `password`) VALUES
('admin', 'e6e061838856bf47e1de730719fb2609');

--
-- Constraints for dumped tables
--

--
-- Constraints for table `hitted_song`
--
ALTER TABLE `hitted_song`
  ADD CONSTRAINT `FK_hitted_song_hash_lookup` FOREIGN KEY (`hash_id`) REFERENCES `hash_lookup` (`hash_id`),
  ADD CONSTRAINT `FK_hitted_song_meta_data` FOREIGN KEY (`song_id`) REFERENCES `song` (`idsong`) ON DELETE CASCADE ON UPDATE CASCADE;

--
-- Constraints for table `matadata`
--
ALTER TABLE `matadata`
  ADD CONSTRAINT `artist` FOREIGN KEY (`artist`) REFERENCES `artist` (`idArtist`) ON DELETE NO ACTION ON UPDATE NO ACTION,
  ADD CONSTRAINT `composer` FOREIGN KEY (`composer`) REFERENCES `composer` (`idComposer`) ON DELETE NO ACTION ON UPDATE NO ACTION,
  ADD CONSTRAINT `lyricist` FOREIGN KEY (`lyricist`) REFERENCES `lyricist` (`idLyricist`) ON DELETE NO ACTION ON UPDATE NO ACTION;

/*!40101 SET CHARACTER_SET_CLIENT=@OLD_CHARACTER_SET_CLIENT */;
/*!40101 SET CHARACTER_SET_RESULTS=@OLD_CHARACTER_SET_RESULTS */;
/*!40101 SET COLLATION_CONNECTION=@OLD_COLLATION_CONNECTION */;
